热度分组,互动_view,互动_reply,互动_share,互动_agree,互动_disagree,互动_热度,长度_mean,长度_median,语气_含疑问语气,语气_含感叹语气,用户_level,用户_glevel,用户_VIP占比（%）
中等热度（40%-60%）,339.19,5.45,0.05,2.02,0.09,1047.05,175.2,87.0,37.0,14.499999999999998,4.67,5.29,7.61
低热度（后20%）,120.93,0.78,0.02,0.64,0.01,367.4,130.43,42.0,35.199999999999996,16.900000000000002,4.85,5.88,14.35
高热度（前10%）,30953.17,401.35,5.91,1188.46,32.41,96104.87,266.41,159.5,51.5,13.600000000000001,4.05,5.97,1.03
